Date,Brent,Gasoline,CPI,Energy_CPI,Brent_pct,Gas_pct,CPI_inf,Energy_inf,Brent_lag1,Brent_lag2,Gas_lag1,Energy_lag1
1990-08-01,27.167391304347827,1.218,131.6,101.6,NA,NA,NA,NA,NA,NA,NA,NA
1990-09-01,34.899,1.258,132.5,106.5,0.28459150196047056,0.03284072249589487,0.006838905775075954,0.04822834645669305,27.167391304347827,NA,1.218,101.6
1990-10-01,36.022608695652174,1.3354,133.4,110.8,0.03219601408785855,0.061526232114467394,0.006792452830188811,0.040375586854459966,34.899,27.167391304347827,1.258,106.5
1990-11-01,33.06727272727273,1.324,133.7,111.2,-0.08204114236557625,-0.008536768009585027,0.002248875562218755,0.0036101083032491488,36.022608695652174,34.899,1.3354,110.8
1990-12-01,28.2735,1.341,134.2,111,-0.14497030846208847,0.01283987915407847,0.0037397157816005944,-0.0017985611510791255,33.06727272727273,36.022608695652174,1.324,111.2
1991-01-01,23.566363636363636,1.18,134.7,108.5,-0.16648580344267117,-0.12005965697240872,0.0037257824143070994,-0.022522522522522515,28.2735,33.06727272727273,1.341,111
1991-02-01,19.536,1.0942500000000002,134.8,104.5,-0.17102187246846423,-0.07266949152542357,7.423904974017681e-4,-0.03686635944700456,23.566363636363636,28.2735,1.18,108.5
1991-03-01,19.0825,1.04,134.8,101.9,-0.023213554463554553,-0.049577336074937306,0,-0.024880382775119614,19.536,23.566363636363636,1.0942500000000002,104.5
1991-04-01,19.18,1.0762,135.1,101.2,0.005109393423293529,0.03480769230769232,0.002225519287833766,-0.006869479882237517,19.0825,19.536,1.04,101.9
1991-05-01,19.186818181818182,1.12575,135.6,102.1,3.5548393212625484e-4,0.046041627950195174,0.0037009622501851247,0.008893280632410905,19.18,19.0825,1.0762,101.2
1991-06-01,18.1675,1.12825,136,101.1,-0.05312596242685552,0.002220741727737119,0.002949852507374784,-0.009794319294809006,19.186818181818182,19.18,1.12575,102.1
1991-07-01,19.39695652173913,1.0956000000000001,136.2,100.7,0.06767340149933299,-0.028938621759361682,0.0014705882352941124,-0.003956478733926683,18.1675,19.186818181818182,1.12825,101.1
1991-08-01,19.772727272727273,1.1147500000000001,136.6,101.1,0.019372665529615363,0.017479006936838237,0.002936857562408246,0.003972194637537063,19.39695652173913,18.1675,1.0956000000000001,100.7
1991-09-01,20.50190476190476,1.1092,137,101.5,0.03687794198139027,-0.004978694774613324,0.002928257686676483,0.003956478733926794,19.772727272727273,19.39695652173913,1.1147500000000001,101.1
1991-10-01,22.206086956521737,1.088,137.2,101.6,0.08312311535967964,-0.019112874143526803,0.0014598540145984717,9.852216748766907e-4,20.50190476190476,19.772727272727273,1.1092,101.5
1991-11-01,21.10857142857143,1.099,137.8,102.4,-0.04942408494117767,0.010110294117646967,0.004373177842565745,0.007874015748031704,22.206086956521737,20.50190476190476,1.088,101.6
1991-12-01,18.41095238095238,1.0762,138.2,103.1,-0.12779732900198526,-0.020746132848043608,0.002902757619738683,0.006835937499999778,21.10857142857143,22.206086956521737,1.099,102.4
1992-01-01,18.163636363636364,1.022,138.3,101.5,-0.013433092009508707,-0.05036238617357369,7.235890014474222e-4,-0.015518913676042634,18.41095238095238,21.10857142857143,1.0762,103.1
1992-02-01,18.0535,1.006,138.6,101.2,-0.006063563563563634,-0.015655577299412915,0.002169197396963085,-0.002955665024630516,18.163636363636364,18.41095238095238,1.022,101.5
1992-03-01,17.630909090909093,1.0126,139.1,101.2,-0.023407699841632157,0.0065606361829024795,0.003607503607503615,0,18.0535,18.163636363636364,1.006,101.2
1992-04-01,18.919047619047618,1.05175,139.4,101.4,0.07306137882604813,0.038662848113766524,0.0021567217828901697,0.0019762845849802257,17.630909090909093,18.0535,1.0126,101.2
1992-05-01,19.8885,1.10725,139.7,102,0.05124213440724912,0.0527691942001427,0.002152080344332674,0.00591715976331364,18.919047619047618,17.630909090909093,1.05175,101.4
1992-06-01,21.158181818181816,1.1448,140.1,103.3,0.06383999890297498,0.03391284714382481,0.0028632784538296097,0.012745098039215641,19.8885,18.919047619047618,1.10725,102
1992-07-01,20.236521739130435,1.1364999999999998,140.5,103.7,-0.043560457461395585,-0.007250174703005041,0.002855103497501732,0.0038722168441434057,21.158181818181816,19.8885,1.1448,103.3
1992-08-01,19.738095238095237,1.1218,140.8,103.5,-0.024630047962808432,-0.012934447866255971,0.002135231316725994,-0.0019286403085825299,20.236521739130435,21.158181818181816,1.1364999999999998,103.7
1992-09-01,20.27,1.1215000000000002,141.1,103.6,0.026948130277442806,-2.674273489032819e-4,0.0021306818181816567,9.661835748790981e-4,19.738095238095237,20.236521739130435,1.1218,103.5
1992-10-01,20.26181818181818,1.1139999999999999,141.7,104.3,-4.036417455263175e-4,-0.006687472135533001,0.00425230333097093,0.006756756756756799,20.27,19.738095238095237,1.1215000000000002,103.6
1992-11-01,19.214285714285715,1.1112000000000002,142.1,105.1,-0.05169982565890674,-0.0025134649910231177,0.0028228652081863093,0.007670182166826356,20.26181818181818,20.27,1.1139999999999999,104.3
1992-12-01,18.13952380952381,1.0775000000000001,142.3,105.3,-0.055935563816604805,-0.030327573794096563,0.0014074595355384467,0.0019029495718363432,19.214285714285715,20.26181818181818,1.1112000000000002,105.1
1993-01-01,17.386,1.06175,142.8,105,-0.04154044050087946,-0.014617169373550065,0.0035137034434293835,-0.002849002849002802,18.13952380952381,19.214285714285715,1.0775000000000001,105.3
1993-02-01,18.466315789473683,1.05425,143.1,104.3,0.0621371097131993,-0.007063809748057537,0.0021008403361342243,-0.00666666666666671,17.386,18.13952380952381,1.06175,105
1993-03-01,18.785217391304347,1.0522,143.3,104.9,0.017269367938159474,-0.0019445103153900023,0.0013976240391335715,0.0057526366251199335,18.466315789473683,17.386,1.05425,104.3
1993-04-01,18.6745,1.078,143.8,104.9,-0.005893857334629438,0.024520053221821048,0.0034891835310537633,0,18.785217391304347,18.466315789473683,1.0522,104.9
1993-05-01,18.507894736842104,1.1004,144.2,104.3,-0.008921538095150838,0.020779220779220786,0.0027816411682890507,-0.005719733079123102,18.6745,18.785217391304347,1.078,104.9
1993-06-01,17.652727272727272,1.09725,144.3,103.9,-0.04620555045693675,-0.002862595419847347,6.934812760057696e-4,-0.003835091083413178,18.507894736842104,18.6745,1.1004,104.3
1993-07-01,16.775454545454544,1.07775,144.5,103.4,-0.049696158203728635,-0.017771701982228327,0.001386001386001201,-0.004812319538017307,17.652727272727272,18.507894736842104,1.09725,103.9
1993-08-01,16.696190476190477,1.0616,144.8,103.4,-0.004725002774100373,-0.014984922291811587,0.0020761245674740803,0,16.775454545454544,17.652727272727272,1.07775,103.4
1993-09-01,16.01181818181818,1.0494999999999999,145,103,-0.040989727288284206,-0.011397889977392772,0.0013812154696131174,-0.003868471953578423,16.696190476190477,16.775454545454544,1.0616,103.4
1993-10-01,16.606666666666666,1.09175,145.6,105.3,0.03715058952667527,0.04025726536445928,0.004137931034482678,0.022330097087378542,16.01181818181818,16.696190476190477,1.0494999999999999,103
1993-11-01,15.196363636363637,1.0664,146,104.4,-0.08492390788657334,-0.023219601557132985,0.0027472527472527375,-0.008547008547008517,16.606666666666666,16.01181818181818,1.09175,105.3
1993-12-01,13.725714285714286,1.014,146.3,103.7,-0.09677639900181179,-0.04913728432108022,0.00205479452054802,-0.006704980842911934,15.196363636363637,16.606666666666666,1.0664,104.4
1994-01-01,14.2915,0.9984,146.3,102.8,0.04122085761865102,-0.015384615384615441,0,-0.008678881388621051,13.725714285714286,15.196363636363637,1.014,103.7
1994-02-01,13.802,1.009,146.7,104.1,-0.03425112829304133,0.010616987179487225,0.002734107997265811,0.012645914396887115,14.2915,13.725714285714286,0.9984,102.8
1994-03-01,13.822608695652175,1.00775,147.1,104.3,0.0014931673418472347,-0.0012388503468780954,0.0027266530334015826,0.0019212295869357465,13.802,14.2915,1.009,104.1
1994-04-01,15.231578947368421,1.02725,147.2,103.7,0.10193229677111737,0.019350037211609994,6.798096532969478e-4,-0.0057526366251198224,13.822608695652175,13.802,1.00775,104.3
1994-05-01,16.188,1.0474,147.5,102.8,0.06279198341395986,0.019615478218544702,0.0020380434782609758,-0.008678881388621051,15.231578947368421,13.822608695652175,1.02725,103.7
1994-06-01,16.763181818181817,1.0779999999999998,147.9,103.1,0.035531370038412335,0.029215199541722026,0.0027118644067796183,0.0029182879377431803,16.188,15.231578947368421,1.0474,102.8
1994-07-01,17.59952380952381,1.10575,148.4,104.5,0.04989160175038321,0.025742115027829415,0.0033806626098715764,0.013579049466537318,16.763181818181817,16.188,1.0779999999999998,103.1
1994-08-01,16.892727272727274,1.1548,149,106.7,-0.04015998071573157,0.04435903233099703,0.0040431266846361336,0.021052631578947434,17.59952380952381,16.763181818181817,1.10575,104.5
1994-09-01,15.895,1.1437499999999998,149.3,106.1,-0.059062533634700376,-0.009568756494631292,0.002013422818792021,-0.005623242736644829,16.892727272727274,17.59952380952381,1.1548,106.7
1994-10-01,16.49047619047619,1.1136000000000001,149.4,105.7,0.03746311358768106,-0.02636065573770463,6.697923643670389e-4,-0.0037700282752120007,15.895,16.892727272727274,1.1437499999999998,106.1
1994-11-01,17.191363636363636,1.11575,149.8,106.1,0.042502559525372074,0.0019306752873562427,0.0026773761713521083,0.0037842951750235443,16.49047619047619,15.895,1.1136000000000001,105.7
1994-12-01,15.932,1.0905,150.1,105.9,-0.07325559874143994,-0.022630517589065646,0.0020026702269690944,-0.0018850141376058893,17.191363636363636,16.49047619047619,1.11575,106.1
1995-01-01,16.551904761904762,1.0818,150.5,105.7,0.038909412622694095,-0.007977991746905055,0.0026648900732844094,-0.0018885741265345368,15.932,17.191363636363636,1.0905,105.9
1995-02-01,17.1145,1.0725,150.9,105.8,0.03398975804827531,-0.008596783139212527,0.0026578073089700283,9.460737937558861e-4,16.551904761904762,15.932,1.0818,105.7
1995-03-01,17.006521739130434,1.072,151.2,105.5,-0.006309168299954093,-4.662004662003838e-4,0.001988071570576455,-0.002835538752362976,17.1145,16.551904761904762,1.0725,105.8
1995-04-01,18.648333333333333,1.11125,151.8,105.6,0.09654011674975504,0.036613805970149294,0.003968253968254176,9.478672985780978e-4,17.006521739130434,17.1145,1.072,105.5
1995-05-01,18.35090909090909,1.1784000000000001,152.1,105.8,-0.015949105858838575,0.06042744656917898,0.0019762845849802257,0.0018939393939394478,18.648333333333333,17.006521739130434,1.11125,105.6
1995-06-01,17.312727272727273,1.1915,152.4,106.7,-0.056573863073417274,0.011116768499660479,0.0019723865877712132,0.008506616257088817,18.35090909090909,18.648333333333333,1.1784000000000001,105.8
1995-07-01,15.854285714285714,1.1538,152.6,105.8,-0.08424100579110028,-0.03164078892152755,0.001312335958005173,-0.008434864104967299,17.312727272727273,18.35090909090909,1.1915,106.7
1995-08-01,16.096363636363638,1.12325,152.9,105.6,0.015268926424089502,-0.026477725775697625,0.001965923984272644,-0.001890359168241984,15.854285714285714,17.312727272727273,1.1538,105.8
1995-09-01,16.69952380952381,1.11075,153.1,104.1,0.03747182822072692,-0.01112842198976205,0.001308044473512071,-0.014204545454545414,16.096363636363638,15.854285714285714,1.12325,105.6
1995-10-01,16.11090909090909,1.0872,153.5,104.4,-0.03524739539453403,-0.02120189061444966,0.0026126714565644082,0.0028818443804035088,16.69952380952381,16.096363636363638,1.11075,104.1
1995-11-01,16.86090909090909,1.06225,153.7,103.4,0.04655230786592934,-0.022948859455481974,0.0013029315960910726,-0.009578544061302652,16.11090909090909,16.69952380952381,1.0872,104.4
1995-12-01,17.925263157894737,1.07125,153.9,104.4,0.06312554449151953,0.008472581783949273,0.0013012361743658385,0.009671179883945946,16.86090909090909,16.11090909090909,1.06225,103.4
1996-01-01,17.853181818181817,1.0904,154.7,106.9,-0.004021215146354673,0.017876312718786425,0.005198180636777128,0.023946360153256796,17.925263157894737,16.86090909090909,1.07125,104.4
1996-02-01,17.99904761904762,1.08925,155,107.1,0.008170297168947904,-0.0010546588407923663,0.0019392372333548735,0.0018709073900839979,17.853181818181817,17.925263157894737,1.0904,106.9
1996-03-01,19.851904761904763,1.137,155.5,108.3,0.1029419546007726,0.04383750286894639,0.003225806451612856,0.011204481792717047,17.99904761904762,17.853181818181817,1.08925,107.1
1996-04-01,20.9005,1.2306,156.1,111.2,0.05282088800402995,0.08232189973614767,0.0038585209003214604,0.026777469990766356,19.851904761904763,17.99904761904762,1.137,108.3
1996-05-01,19.154761904761905,1.278,156.4,112,-0.08352614029511718,0.03851779619697715,0.0019218449711724261,0.007194244604316502,20.9005,19.851904761904763,1.2306,111.2
1996-06-01,18.4565,1.2585,156.7,110.3,-0.036453697949036745,-0.015258215962441368,0.0019181585677747748,-0.015178571428571486,19.154761904761905,20.9005,1.278,112
1996-07-01,19.57086956521739,1.2276,157,110.1,0.0603781629895912,-0.024553039332538718,0.0019144862795150708,-0.0018132366273798661,18.4565,19.154761904761905,1.2585,110.3
1996-08-01,20.51238095238095,1.206,157.2,109.7,0.048107795314157986,-0.01759530791788866,0.001273885350318471,-0.0036330608537692433,19.57086956521739,18.4565,1.2276,110.1
1996-09-01,22.63047619047619,1.2024,157.7,109.8,0.10325935555761911,-0.0029850746268657025,0.0031806615776082126,9.115770282588365e-4,20.51238095238095,19.57086956521739,1.206,109.7
1996-10-01,24.162608695652175,1.204,158.2,110.5,0.06770217702359993,0.0013306719893546592,0.003170577045022105,0.006375227686703067,22.63047619047619,20.51238095238095,1.2024,109.8
1996-11-01,22.75952380952381,1.23225,158.7,111.8,-0.05806843556510666,0.023463455149501655,0.003160556257901348,0.0117647058823529,24.162608695652175,22.63047619047619,1.204,110.5
1996-12-01,23.783,1.2352,159.1,113.9,0.044969139031279415,0.0023939947250963822,0.002520478890989386,0.01878354203935606,22.75952380952381,24.162608695652175,1.23225,111.8
1997-01-01,23.53761904761905,1.23625,159.4,115.2,-0.010317493687968415,8.500647668394645e-4,0.0018856065367693908,0.011413520632133523,23.783,22.75952380952381,1.2352,113.9
1997-02-01,20.850526315789473,1.23,159.7,115,-0.11416162044229317,-0.005055611729019249,0.0018820577164364583,-0.0017361111111111605,23.53761904761905,23.783,1.23625,115.2
1997-03-01,19.133,1.205,159.8,113,-0.08237328352180939,-0.020325203252032464,6.261740763933155e-4,-0.017391304347826098,20.850526315789473,23.53761904761905,1.23,115
1997-04-01,17.55590909090909,1.199,159.9,111,-0.08242779015789004,-0.004979253112033177,6.257822277846437e-4,-0.017699115044247815,19.133,20.850526315789473,1.205,113
1997-05-01,19.02285714285714,1.20025,159.9,108.8,0.08355864936140933,0.0010425354462051395,0,-0.01981981981981984,17.55590909090909,19.133,1.199,111
1997-06-01,17.58,1.1976,160.2,110,-0.07584860318413944,-0.0022078733597167277,0.0018761726078797558,0.011029411764705843,19.02285714285714,17.55590909090909,1.20025,108.8
1997-07-01,18.4645,1.17425,160.4,109.1,0.05031285551763376,-0.01949732798931192,0.0012484394506866447,-0.008181818181818179,17.58,19.02285714285714,1.1976,110
1997-08-01,18.5955,1.2235,160.8,110.9,0.007094695225974279,0.04194166489248463,0.0024937655860348684,0.016498625114573784,18.4645,17.58,1.17425,109.1
1997-09-01,18.46095238095238,1.2314,161.2,112.4,-0.007235493482166122,0.006456885982836225,0.0024875621890545485,0.01352569882777277,18.5955,18.4645,1.2235,110.9
1997-10-01,19.86521739130435,1.19675,161.5,111.8,0.07606676954547908,-0.028138703914244,0.0018610421836229296,-0.005338078291814985,18.46095238095238,18.5955,1.2314,112.4
1997-11-01,19.17421052631579,1.17075,161.7,111.4,-0.034784762299708616,-0.021725506580321685,0.0012383900928791824,-0.003577817531305816,19.86521739130435,18.46095238095238,1.19675,111.8
1997-12-01,17.18190476190476,1.1314,161.8,109.8,-0.1039054912679025,-0.03361093316250263,6.184291898578831e-4,-0.014362657091562037,19.17421052631579,19.86521739130435,1.17075,111.4
1998-01-01,15.186666666666667,1.0862500000000002,162,107.5,-0.11612438334903818,-0.03990631076542317,0.0012360939431395046,-0.020947176684881552,17.18190476190476,19.17421052631579,1.1314,109.8
1998-02-01,14.0695,1.049,162,105.1,-0.07356233538191403,-0.03429228998849276,0,-0.022325581395348904,15.186666666666667,17.18190476190476,1.0862500000000002,107.5
1998-03-01,13.103181818181818,1.0168,162,103.3,-0.06868177133644982,-0.030695900857959924,0,-0.01712654614652709,14.0695,15.186666666666667,1.049,105.1
1998-04-01,13.5265,1.03025,162.2,102.4,0.032306518194747946,0.013227773406766508,0.0012345679012344402,-0.00871248789932233,13.103181818181818,14.0695,1.0168,103.3
1998-05-01,14.363157894736842,1.0635,162.6,103.2,0.06185324324376906,0.03227371997088069,0.002466091245376223,0.0078125,13.5265,13.103181818181818,1.03025,102.4
1998-06-01,12.206363636363637,1.0644,162.8,103.6,-0.150161564342583,8.462623413258985e-4,0.0012300123001232066,0.003875968992248069,14.363157894736842,13.5265,1.0635,103.2
1998-07-01,12.079565217391304,1.05525,163.2,103.3,-0.010387894605613068,-0.008596392333709124,0.002457002457002311,-0.0028957528957528345,12.206363636363637,14.363157894736842,1.0644,103.6
1998-08-01,11.914,1.026,163.4,102.1,-0.013706223230032677,-0.02771855010660984,0.001225490196078427,-0.011616650532429884,12.079565217391304,12.206363636363637,1.05525,103.3
1998-09-01,13.343636363636364,1.00925,163.5,101.3,0.11999633738764182,-0.016325536062378188,6.11995104039087e-4,-0.007835455435847183,11.914,12.079565217391304,1.026,102.1
1998-10-01,12.702272727272728,1.0187499999999998,163.9,101.5,-0.04806513148930369,0.0094129303938566,0.0024464831804280607,0.001974333662388972,13.343636363636364,11.914,1.00925,101.3
1998-11-01,11.039047619047619,0.9954,164.1,101.1,-0.1309391747394969,-0.02292024539877291,0.0012202562538132788,-0.003940886699507429,12.702272727272728,13.343636363636364,1.0187499999999998,101.5
1998-12-01,9.824285714285715,0.945,164.4,100.1,-0.11004227417824164,-0.05063291139240511,0.001828153564899626,-0.009891196834816984,11.039047619047619,12.702272727272728,0.9954,101.1
1999-01-01,11.1145,0.9390000000000001,164.7,99.7,0.13132906790751764,-0.006349206349206216,0.0018248175182480342,-0.003996003996003861,9.824285714285715,11.039047619047619,0.945,100.1
1999-02-01,10.271578947368422,0.9205000000000001,164.7,99.2,-0.07583976360894129,-0.01970181043663466,0,-0.005015045135406182,11.1145,9.824285714285715,0.9390000000000001,99.7
1999-03-01,12.511304347826087,0.982,164.8,100.4,0.21805074097507493,0.06681151548071695,6.071645415908211e-4,0.012096774193548487,10.271578947368422,11.1145,0.9205000000000001,99.2
1999-04-01,15.2945,1.131,165.9,105.5,0.22245447595218226,0.15173116089613048,0.006674757281553312,0.05079681274900394,12.511304347826087,10.271578947368422,0.982,100.4
1999-05-01,15.225263157894737,1.1305999999999998,166,104.9,-0.004526911118719945,-3.53669319186678e-4,6.027727546713546e-4,-0.005687203791469142,15.2945,12.511304347826087,1.131,105.5
1999-06-01,15.863181818181818,1.1142500000000002,166,104.5,0.041898695193081315,-0.014461347956836734,0,-0.0038131553860820677,15.225263157894737,15.2945,1.1305999999999998,104.9
1999-07-01,19.08,1.1575,166.7,106.7,0.20278518009112,0.038815346645725723,0.004216867469879482,0.021052631578947434,15.863181818181818,15.225263157894737,1.1142500000000002,104.5
1999-08-01,20.21904761904762,1.2208,167.1,109.5,0.059698512528701286,0.0546868250539958,0.002399520095980767,0.026241799437675795,19.08,15.863181818181818,1.1575,106.7
1999-09-01,22.543181818181818,1.2555,167.8,111.8,0.1149477583179892,0.02842398427260817,0.00418910831837227,0.02100456621004554,20.21904761904762,19.08,1.2208,109.5
1999-10-01,22.002380952380953,1.24425,168.1,112,-0.02398955347841325,-0.008960573476702538,0.0017878426698449967,0.0017889087656530744,22.543181818181818,20.21904761904762,1.2555,111.8
1999-11-01,24.58409090909091,1.2514,168.4,111.5,0.1173377536866338,0.00574643359453475,0.0017846519928614857,-0.004464285714285698,22.002380952380953,22.543181818181818,1.24425,112
1999-12-01,25.473157894736843,1.2725,168.8,113.8,0.03616432224130639,0.01686111555058334,0.002375296912114022,0.02062780269058284,24.58409090909091,22.002380952380953,1.2514,111.5
2000-01-01,25.511,1.2888,169.3,115,0.0014855678836338537,0.01280943025540271,0.002962085308056972,0.010544815465729274,25.473157894736843,24.58409090909091,1.2725,113.8
2000-02-01,27.775714285714287,1.377,170,118.8,0.08877403025025621,0.06843575418994408,0.0041346721795627595,0.03304347826086951,25.511,25.473157894736843,1.2888,115
2000-03-01,27.48608695652174,1.5162499999999999,171,124.3,-0.010427358454702662,0.10112563543936082,0.00588235294117645,0.04629629629629628,27.775714285714287,25.511,1.377,118.8
2000-04-01,22.764444444444443,1.46475,170.9,120.9,-0.1717830013252204,-0.0339653751030502,-5.847953216373547e-4,-0.027353177795655603,27.48608695652174,27.775714285714287,1.5162499999999999,124.3
2000-05-01,27.73761904761905,1.4868,171.2,120,0.21846237518826372,0.015053763440860068,0.0017554125219425565,-0.007444168734491385,22.764444444444443,27.48608695652174,1.46475,120.9
2000-06-01,29.795454545454547,1.6332499999999999,172.2,126.8,0.07418933450281617,0.09850013451708373,0.005841121495327117,0.05666666666666664,27.73761904761905,22.764444444444443,1.4868,120
2000-07-01,28.682380952380953,1.551,172.7,127.3,-0.037357161018488294,-0.050359712230215736,0.0029036004645761615,0.0039432176656151174,29.795454545454547,27.73761904761905,1.6332499999999999,126.8
2000-08-01,30.19608695652174,1.4645000000000001,172.7,123.8,0.05277476812869453,-0.05577047066408758,0,-0.027494108405341722,28.682380952380953,29.795454545454547,1.551,127.3
2000-09-01,33.14476190476191,1.5502500000000001,173.6,129.2,0.09765089604112798,0.058552406964834436,0.005211349160393786,0.043618739903069415,30.19608695652174,28.682380952380953,1.4645000000000001,123.8
2000-10-01,30.96090909090909,1.5322,173.9,129.6,-0.06588832407750866,-0.011643283341396637,0.001728110599078514,0.003095975232198178,33.14476190476191,30.19608695652174,1.5502500000000001,129.2
2000-11-01,32.55227272727273,1.51725,174.2,129.2,0.051399124996329704,-0.009757211852238656,0.0017251293847038163,-0.0030864197530864335,30.96090909090909,33.14476190476191,1.5322,129.6
2000-12-01,25.66,1.44275,174.6,130.1,-0.21172938630175242,-0.04910199373867197,0.0022962112514350874,0.006965944272445901,32.55227272727273,30.96090909090909,1.51725,129.2
2001-01-01,25.624545454545455,1.4472,175.6,135,-0.0013817048111669505,0.0030843874545138927,0.00572737686139746,0.037663335895465,25.66,32.55227272727273,1.44275,130.1
2001-02-01,27.5035,1.44975,176,134.1,0.0733263561216162,0.0017620232172470551,0.002277904328018332,-0.00666666666666671,25.624545454545455,25.66,1.4472,135
2001-03-01,24.497272727272726,1.40925,176.1,131.7,-0.10930344402447956,-0.02793585100879481,5.681818181817455e-4,-0.017897091722595126,27.5035,25.624545454545455,1.44975,134.1
2001-04-01,25.65714285714286,1.5515999999999999,176.4,132.3,0.047346908481728844,0.10101117615753052,0.0017035775127769437,0.004555808656036664,24.497272727272726,27.5035,1.40925,131.7
2001-05-01,28.313636363636363,1.70175,177.3,138.4,0.10353816562057094,0.09677107501933513,0.005102040816326481,0.046107331821617414,25.65714285714286,24.497272727272726,1.5515999999999999,132.3
2001-06-01,27.849047619047617,1.61625,177.7,136.9,-0.016408656896696683,-0.050242397531952476,0.002256063169768563,-0.010838150289017356,28.313636363636363,25.65714285714286,1.70175,138.4
2001-07-01,24.613636363636363,1.4206,177.4,129.6,-0.11617672890179431,-0.1210518174787315,-0.0016882386043892694,-0.05332359386413443,27.849047619047617,28.313636363636363,1.61625,136.9
2001-08-01,25.68,1.42075,177.4,127.3,0.04332409972299178,1.0558918766712111e-4,0,-0.017746913580246937,24.613636363636363,27.849047619047617,1.4206,129.6
2001-09-01,25.6195,1.5215,178.1,130.9,-0.00235591900311527,0.07091325004399085,0.003945885005636862,0.028279654359780082,25.68,24.613636363636363,1.42075,127.3
2001-10-01,20.53782608695652,1.3154,177.6,122.9,-0.19835179894390909,-0.13545842918172868,-0.0028074115665356336,-0.061115355233002266,25.6195,25.68,1.5215,130.9
2001-11-01,18.797272727272727,1.1705,177.5,116.9,-0.08474866581858975,-0.11015660635548108,-5.630630630630851e-4,-0.04882017900732305,20.53782608695652,25.6195,1.3154,122.9
2001-12-01,18.705263157894738,1.086,177.4,113.9,-0.0048948361133523965,-0.07219137120888508,-5.633802816901179e-4,-0.02566295979469635,18.797272727272727,20.53782608695652,1.1705,116.9
2002-01-01,19.416818181818183,1.10725,177.7,114.2,0.03804036425026869,0.01956721915285442,0.0016910935738443378,0.0026338893766462146,18.705263157894738,18.797272727272727,1.086,113.9
2002-02-01,20.2755,1.11375,178,113.5,0.04422361120865226,0.005870399638744583,0.0016882386043894915,-0.0061295971978984065,19.416818181818183,18.705263157894738,1.10725,114.2
2002-03-01,23.696666666666665,1.24925,178.5,117.6,0.1687340221778335,0.12166105499438817,0.002808988764045006,0.03612334801762107,20.2755,19.416818181818183,1.11375,113.5
2002-04-01,25.72863636363636,1.397,179.3,121.5,0.08574917837824003,0.11827096257754666,0.004481792717086819,0.03316326530612246,23.696666666666665,20.2755,1.24925,117.6
2002-05-01,25.345454545454547,1.39175,179.5,121.9,-0.014893203540448208,-0.003758052970651349,0.001115448968209698,0.003292181069958877,25.72863636363636,23.696666666666665,1.397,121.5
2002-06-01,24.081666666666667,1.38225,179.6,121.6,-0.049862505978001015,-0.0068259385665528916,5.571030640667551e-4,-0.0024610336341264194,25.345454545454547,25.72863636363636,1.39175,121.9
2002-07-01,25.73608695652174,1.397,180,122.4,0.0687004065273058,0.01067100741544591,0.00222717149220486,0.00657894736842124,24.081666666666667,25.345454545454547,1.38225,121.6
2002-08-01,26.651363636363637,1.39575,180.5,123.1,0.03556394106797023,-8.947745168217391e-4,0.002777777777777768,0.005718954248365993,25.73608695652174,24.081666666666667,1.397,122.4
2002-09-01,28.39952380952381,1.3996,180.8,123.7,0.06559364830304393,0.0027583736342466914,0.0016620498614958734,0.004874086108854758,26.651363636363637,25.73608695652174,1.39575,123.1
2002-10-01,27.54304347826087,1.44525,181.2,126.9,-0.030158263814822117,0.03261646184624167,0.0022123893805308104,0.025869037995149613,28.39952380952381,26.651363636363637,1.3996,123.7
2002-11-01,24.335238095238097,1.419,181.5,126.7,-0.11646517515592003,-0.018162947586922606,0.0016556291390728006,-0.0015760441292356209,27.54304347826087,28.39952380952381,1.44525,126.9
2002-12-01,28.3345,1.3858000000000001,181.8,127.1,0.16434036474639946,-0.023396758280479157,0.0016528925619836432,0.0031570639305444903,24.335238095238097,27.54304347826087,1.419,126.7
2003-01-01,31.183636363636364,1.4575,182.6,133.5,0.10055361356778358,0.0517390676865348,0.004400440044004306,0.050354051927615995,28.3345,24.335238095238097,1.3858000000000001,127.1
2003-02-01,32.771,1.613,183.6,140.8,0.05090373739140586,0.10668953687821614,0.005476451259583737,0.05468164794007491,31.183636363636364,28.3345,1.4575,133.5
2003-03-01,30.612380952380953,1.693,183.9,143.9,-0.06586979486799449,0.049597024178549276,0.0016339869281045694,0.022017045454545414,32.771,31.183636363636364,1.613,140.8
2003-04-01,25.06772727272727,1.589,183.2,136.5,-0.18112454853736004,-0.06142941523922041,-0.0038064165307233333,-0.05142460041695629,30.612380952380953,32.771,1.693,143.9
2003-05-01,25.857727272727274,1.49725,182.9,129.4,0.03151462401856797,-0.05774071743234743,-0.0016375545851528006,-0.05201465201465194,25.06772727272727,30.612380952380953,1.589,136.5
2003-06-01,27.652857142857144,1.4928000000000001,183.1,129.8,0.06942334301836461,-0.0029721155451660763,0.0010934937124111865,0.0030911901081915882,25.857727272727274,25.06772727272727,1.49725,129.4
2003-07-01,28.348695652173912,1.5125,183.7,132.2,0.025163349512927535,0.013196677384780253,0.003276897870016393,0.018489984591679276,27.652857142857144,25.857727272727274,1.4928000000000001,129.8
2003-08-01,29.88809523809524,1.62025,184.5,137.8,0.05430230740804043,0.07123966942148763,0.004354926510615087,0.042360060514372355,28.348695652173912,27.652857142857144,1.5125,132.2
2003-09-01,27.112272727272728,1.6788,185.1,142.9,-0.0928738512344025,0.03613639870390384,0.003252032520325132,0.037010159651668983,29.88809523809524,28.348695652173912,1.62025,137.8
2003-10-01,29.60782608695652,1.5635,184.9,137.8,0.09204515552004877,-0.06868000953061726,-0.0010804970286331095,-0.0356892932120364,27.112272727272728,29.88809523809524,1.6788,142.9
2003-11-01,28.7525,1.512,185,136.9,-0.02888851361273448,-0.03293891909178115,5.408328826392861e-4,-0.0065312046444122585,29.60782608695652,27.112272727272728,1.5635,137.8
2003-12-01,29.807142857142857,1.4788000000000001,185.5,138.8,0.03668004024494764,-0.021957671957671843,0.002702702702702675,0.013878743608473298,28.7525,29.60782608695652,1.512,136.9
2004-01-01,31.28095238095238,1.57175,186.3,143.9,0.049444843837367136,0.06285501758182299,0.004312668463611891,0.036743515850144126,29.807142857142857,28.7525,1.4788000000000001,138.8
2004-02-01,30.8585,1.6475,186.7,145.8,-0.013505099710762747,0.048194687450294316,0.0021470746108425143,0.013203613620569987,31.28095238095238,29.807142857142857,1.57175,143.9
2004-03-01,33.63434782608696,1.736,187.1,145.1,0.08995407508747855,0.05371775417298941,0.002142474558114671,-0.004801097393690057,30.8585,31.28095238095238,1.6475,145.8
2004-04-01,33.59090909090909,1.79775,187.4,143.4,-0.0012914992555370652,0.03557027649769573,0.0016034206306787535,-0.011716057891109521,33.63434782608696,30.8585,1.736,145.1
2004-05-01,37.56761904761905,1.9834,188.2,147.6,0.11838649397512713,0.10326797385620923,0.004268943436499306,0.029288702928870203,33.59090909090909,33.63434782608696,1.79775,143.4
2004-06-01,35.18363636363636,1.96925,188.9,151.5,-0.06345844491664099,-0.007134213976000892,0.0037194473963868546,0.026422764227642226,37.56761904761905,33.59090909090909,1.9834,147.6
2004-07-01,38.221363636363634,1.91125,189.1,151.1,0.08633920727610978,-0.029452837374635,0.001058761249338236,-0.0026402640264027166,35.18363636363636,37.56761904761905,1.96925,151.5
2004-08-01,42.74409090909091,1.878,189.2,151.5,0.11832982506213807,-0.0173969914977109,5.288207297726721e-4,0.002647253474520328,38.221363636363634,35.18363636363636,1.91125,151.1
2004-09-01,43.19681818181818,1.86975,189.8,152.9,0.010591575656390573,-0.00439297124600635,0.003171247357294016,0.009240924092409175,42.74409090909091,38.221363636363634,1.878,151.5
2004-10-01,49.776666666666664,1.9995,190.8,158.6,0.1523225265609489,0.06939430405134384,0.005268703898840821,0.0372792674950948,43.19681818181818,42.74409090909091,1.86975,152.9
2004-11-01,43.110454545454544,1.9794,191.7,163.8,-0.13392242927500408,-0.010052513128282037,0.004716981132075304,0.032786885245901676,49.776666666666664,43.19681818181818,1.9995,158.6
2004-12-01,39.60217391304348,1.841,191.7,162.3,-0.08137888290442463,-0.06992017783166615,0,-0.009157509157509125,43.110454545454544,49.776666666666664,1.9794,163.8
2005-01-01,44.509,1.8308,191.6,157.2,0.12390294779601474,-0.005540467137425287,-5.216484089722861e-4,-0.03142329020332735,39.60217391304348,43.110454545454544,1.841,162.3
2005-02-01,45.475,1.91,192.4,161.8,0.021703475701543518,0.04325977714660256,0.0041753653444676075,0.029262086513994978,44.509,39.60217391304348,1.8308,157.2
2005-03-01,53.10454545454545,2.07925,193.1,163.5,0.16777450147433637,0.08861256544502627,0.0036382536382535413,0.010506798516687121,45.475,44.509,1.91,161.8
2005-04-01,51.883809523809525,2.2425,193.7,166.7,-0.022987409463485764,0.07851388721894925,0.0031071983428274663,0.01957186544342493,53.10454545454545,45.475,2.07925,163.5
2005-05-01,48.64545454545455,2.1612,193.6,163.3,-0.06241552052705179,-0.0362541806020068,-5.162622612286949e-4,-0.020395920815836743,51.883809523809525,53.10454545454545,2.2425,166.7
2005-06-01,54.35454545454545,2.1555,193.7,163.7,0.11736124088955324,-0.0026374236535258166,5.165289256197081e-4,0.0024494794856091406,48.64545454545455,51.883809523809525,2.1612,163.3
2005-07-01,57.52,2.29,194.9,172.8,0.05823716340525187,0.06239851542565522,0.006195147134744561,0.0555894929749543,54.35454545454545,48.64545454545455,2.1555,163.7
2005-08-01,63.98347826086957,2.4861999999999997,196.1,183.5,0.1123692326298602,0.08567685589519636,0.0061570035915854415,0.06192129629629628,57.52,54.35454545454545,2.29,172.8
2005-09-01,62.908181818181816,2.90325,198.8,208.2,-0.01680584538251606,0.16774595768642908,0.013768485466598701,0.13460490463215247,63.98347826086957,57.52,2.4861999999999997,183.5
2005-10-01,58.53857142857143,2.7168,199.1,205.9,-0.06946012844942018,-0.06422113149057085,0.0015090543259557165,-0.011047070124879821,62.908181818181816,63.98347826086957,2.90325,208.2
2005-11-01,55.24181818181818,2.25675,198.1,191,-0.05631762385551098,-0.16933524734982341,-0.0050226017076845375,-0.07236522583778537,58.53857142857143,62.908181818181816,2.7168,205.9
2005-12-01,56.855714285714285,2.185,198.1,187.6,0.02921511559565726,-0.03179350836379735,0,-0.017801047120418856,55.24181818181818,58.53857142857143,2.25675,191
2006-01-01,62.985238095238095,2.3156,199.3,196.6,0.10780840389624524,0.05977116704805474,0.006057546693589266,0.04797441364605537,56.855714285714285,55.24181818181818,2.185,187.6
2006-02-01,60.21,2.2800000000000002,199.4,194.1,-0.04406172270146447,-0.015373985144238933,5.017561465128217e-4,-0.012716174974567673,62.985238095238095,56.855714285714285,2.3156,196.6
2006-03-01,62.06478260869565,2.42475,199.7,192,0.03080522519009543,0.06348684210526301,0.0015045135406217547,-0.010819165378670781,60.21,62.985238095238095,2.2800000000000002,194.1
2006-04-01,70.26,2.742,200.7,198.5,0.1320429565180843,0.13083823074543766,0.005007511266900355,0.03385416666666674,62.06478260869565,60.21,2.42475,192
2006-05-01,69.77695652173912,2.9068,201.3,199.8,-0.006875085087686861,0.060102115244347276,0.002989536621823774,0.006549118387909392,70.26,62.06478260869565,2.742,198.5
2006-06-01,68.5559090909091,2.8845,201.8,199.8,-0.017499293344065636,-0.007671666437319424,0.0024838549428713996,0,69.77695652173912,70.26,2.9068,199.8
2006-07-01,73.67428571428572,2.9806,202.9,207.9,0.07465988988038008,0.03331599930663898,0.005450941526263575,0.04054054054054057,68.5559090909091,69.77695652173912,2.8845,199.8
2006-08-01,73.2304347826087,2.95175,203.8,211.9,-0.006024502679242927,-0.009679259209555036,0.004435682602267121,0.01924001924001928,73.67428571428572,68.5559090909091,2.9806,207.9
2006-09-01,61.95857142857143,2.5549999999999997,202.8,198.1,-0.15392320675821236,-0.13441178961632938,-0.004906771344455385,-0.06512505899008969,73.2304347826087,73.67428571428572,2.95175,211.9
2006-10-01,57.808181818181815,2.2446,201.9,184.1,-0.06698652849306519,-0.1214872798434441,-0.004437869822485285,-0.07067137809187274,61.95857142857143,73.2304347826087,2.5549999999999997,198.1
2006-11-01,58.76136363636363,2.22925,202,184.1,0.016488700875937568,-0.006838634946092936,4.952947003467045e-4,0,57.808181818181815,61.95857142857143,2.2446,184.1
2006-12-01,62.47210526315789,2.3127500000000003,203.1,192.7,0.06314934503150171,0.037456543680610244,0.00544554455445545,0.04671374253123295,58.76136363636363,57.808181818181815,2.22925,184.1
2007-01-01,53.68142857142857,2.2398000000000002,203.437,190.281,-0.1407136297824353,-0.03154253594206036,0.001659281142294633,-0.012553191489361626,62.47210526315789,58.76136363636363,2.3127500000000003,192.7
2007-02-01,57.555789473684214,2.27775,204.226,192.31,0.07217320785530923,0.01694347709616917,0.003878350545869269,0.01066317709072373,53.68142857142857,62.47210526315789,2.2398000000000002,190.281
2007-03-01,62.05045454545455,2.56275,205.288,200.206,0.07809231899816771,0.12512347711557448,0.005200121434097538,0.04105870729551242,57.555789473684214,53.68142857142857,2.27775,192.31
2007-04-01,67.4857894736842,2.845,205.904,203.307,0.0875954087370634,0.1101355965271682,0.003000662483924943,0.015489046282329166,62.05045454545455,57.555789473684214,2.56275,200.206
2007-05-01,67.21227272727273,3.146,206.755,208.635,-0.004052953200141984,0.10579964850615098,0.004132994016629032,0.02620667266744392,67.4857894736842,62.05045454545455,2.845,203.307
2007-06-01,71.04571428571428,3.056,207.234,209.799,0.057034845019993785,-0.028607755880483143,0.0023167517109623503,0.005579121432166323,67.21227272727273,67.4857894736842,3.146,208.635
2007-07-01,76.93,2.9646,207.603,209.639,0.08282393629856033,-0.029908376963350802,0.0017805958481715844,-7.626347122722255e-4,71.04571428571428,67.21227272727273,3.056,209.799
2007-08-01,70.76086956521739,2.78575,207.667,206.412,-0.08019147841911634,-0.06032854347972738,3.0828070885302594e-4,-0.015393128187026317,76.93,71.04571428571428,2.9646,209.639
2007-09-01,77.17315789473685,2.80325,208.547,210.742,0.09061912846632714,0.006281970743964749,0.0042375533907650365,0.020977462550626713,70.76086956521739,76.93,2.78575,206.412
2007-10-01,82.34,2.803,209.19,212.386,0.06695128521643068,-8.918219923292892e-5,0.0030832378312801723,0.007801007867439758,77.17315789473685,70.76086956521739,2.80325,210.742
2007-11-01,92.41428571428571,3.08,210.834,223.814,0.1223498386481141,0.09882268997502686,0.007858884267890387,0.053807689772395584,82.34,77.17315789473685,2.803,212.386
2007-12-01,90.92684210526316,3.0184,211.445,225.649,-0.016095386092375707,-0.019999999999999907,0.002898014551732553,0.008198772194768944,92.41428571428571,82.34,3.08,223.814
2008-01-01,92.17809523809524,3.04275,212.174,226.775,0.013761097425813329,0.008067187914126528,0.003447705076970342,0.004990050919791322,90.92684210526316,92.41428571428571,3.0184,225.649
2008-02-01,94.9865,3.0275,212.687,229.731,0.030467159845847025,-0.0050119135650316116,0.0024178268779397882,0.013034946532906933,92.17809523809524,90.92684210526316,3.04275,226.775
2008-03-01,103.6355,3.2439999999999998,213.448,233.349,0.09105504466424152,0.07151114781172585,0.003578027806118822,0.015748854094571385,94.9865,92.17809523809524,3.0275,229.731
2008-04-01,109.07136363636364,3.458,213.942,234.778,0.05245175288741444,0.0659679408138103,0.002314381020201539,0.006123874539852414,103.6355,94.9865,3.2439999999999998,233.349
2008-05-01,122.79714285714286,3.7657499999999997,215.208,243.924,0.12584218958277638,0.08899652978600336,0.0059174916566171465,0.03895594987605322,109.07136363636364,103.6355,3.458,234.778
2008-06-01,132.32238095238097,4.0542,217.463,262.081,0.07756889023321478,0.07659828719378603,0.0104782350098509,0.07443711975861333,122.79714285714286,109.07136363636364,3.7657499999999997,243.924
2008-07-01,132.71818181818182,4.0615000000000006,219.016,271.149,0.0029911860937816837,0.0018006018450005268,0.007141444751521009,0.034599990079402954,132.32238095238097,122.79714285714286,4.0542,262.081
2008-08-01,113.24333333333334,3.7785,218.69,262.566,-0.1467383610749594,-0.06967869013911121,-0.0014884757278006422,-0.03165418275560683,132.71818181818182,132.32238095238097,4.0615000000000006,271.149
2008-09-01,97.23476190476191,3.7026,218.877,260.125,-0.14136436077389192,-0.02008733624454151,8.550916822900323e-4,-0.009296710160492938,113.24333333333334,132.71818181818182,3.7785,262.566
2008-10-01,71.58217391304348,3.05125,216.995,238.065,-0.26382116322601024,-0.17591692324312647,-0.008598436564828615,-0.08480538202787125,97.23476190476191,113.24333333333334,3.7026,260.125
2008-11-01,52.45263157894737,2.1470000000000002,213.153,195.155,-0.2672389128239424,-0.29635395329782865,-0.017705477084725474,-0.1802448911011698,71.58217391304348,97.23476190476191,3.05125,238.065
2008-12-01,39.94681818181818,1.687,211.398,176.583,-0.2384210862386661,-0.21425244527247334,-0.008233522399403226,-0.09516538136353159,52.45263157894737,71.58217391304348,2.1470000000000002,195.155
2009-01-01,43.4395,1.7882500000000001,211.933,178.661,0.08743329199048744,0.0600177830468287,0.0025307713412614508,0.01176783722102348,39.94681818181818,52.45263157894737,1.687,176.583
2009-02-01,43.32473684210526,1.92275,212.705,183.721,-0.0026419078924652117,0.07521319725989084,0.003642660652187324,0.02832179378823585,43.4395,39.94681818181818,1.7882500000000001,178.661
2009-03-01,46.540454545454544,1.9586,212.495,178.415,0.07422359459605721,0.01864516967884544,-9.87282856538485e-4,-0.028880748526298072,43.32473684210526,43.4395,1.92275,183.721
2009-04-01,50.18190476190476,2.049,212.709,177.552,0.0782426869701871,0.04615541713468807,0.0010070825195886979,-0.004837037244626252,46.540454545454544,43.32473684210526,1.9586,178.415
2009-05-01,57.3025,2.2655000000000003,213.022,179.83,0.1418956747831699,0.1056612981942413,0.0014714939189219844,0.012830044156078246,50.18190476190476,46.540454545454544,2.049,177.552
2009-06-01,68.60954545454545,2.6306,214.79,197.033,0.19732202704149815,0.16115647759876395,0.008299612246622345,0.09566257020519364,57.3025,50.18190476190476,2.2655000000000003,179.83
2009-07-01,64.43545454545455,2.5265,214.726,195.778,-0.06083834080866035,-0.03957272105223142,-2.9796545463012247e-4,-0.0063694914049930995,68.60954545454545,57.3025,2.6306,197.033
2009-08-01,72.50857142857143,2.6164,215.445,201.583,0.12528998111469636,0.03558282208588959,0.0033484533777929926,0.029650931156718352,64.43545454545455,68.60954545454545,2.5265,195.778
2009-09-01,67.64619047619048,2.5540000000000003,215.861,202.777,-0.06705939527674876,-0.02384956428680618,0.0019308872334005134,0.005923118516938386,72.50857142857143,64.43545454545455,2.6164,201.583
2009-10-01,72.76954545454545,2.55125,216.509,204.719,0.07573752405404477,-0.0010767423649178376,0.003001931798703783,0.00957702303515684,67.64619047619048,72.50857142857143,2.5540000000000003,202.777
2009-11-01,76.662,2.6513999999999998,217.234,210.932,0.053490158845171276,0.0392552670259676,0.0033485905897676638,0.030348917296391553,72.76954545454545,67.64619047619048,2.55125,204.719
2009-12-01,74.45636363636363,2.60725,217.347,209.915,-0.02877092123394087,-0.016651580297201374,5.201763996427466e-4,-0.00482145904841369,76.662,72.76954545454545,2.6513999999999998,210.932
2010-01-01,76.16736842105263,2.715,217.488,212.807,0.022979967072328966,0.041327068750599105,6.487322116246474e-4,0.013777004978205554,74.45636363636363,76.662,2.60725,209.915
2010-02-01,73.75210526315789,2.644,217.281,209.624,-0.031709946240274234,-0.02615101289134425,-9.517766497462166e-4,-0.01495721475327405,76.16736842105263,74.45636363636363,2.715,212.807
2010-03-01,78.82739130434783,2.7716,217.353,209.326,0.06881547344418992,0.04826021180030238,3.3136813619227823e-4,-0.0014215929473724298,73.75210526315789,76.16736842105263,2.644,209.624
2010-04-01,84.81761904761905,2.84825,217.403,209.219,0.07599170344408979,0.02765550584499943,2.3004053314190642e-4,-5.111644038485741e-4,78.82739130434783,73.75210526315789,2.7716,209.326
2010-05-01,75.9455,2.8362,217.29,206.631,-0.10460231196348468,-0.00423066795400695,-5.197720362644098e-4,-0.012369813449065292,84.81761904761905,78.82739130434783,2.84825,209.219
2010-06-01,74.7609090909091,2.7315,217.199,203.764,-0.015597907829837165,-0.03691559128411248,-4.1879515854381655e-4,-0.013874975197332384,75.9455,84.81761904761905,2.8362,206.631
2010-07-01,75.58,2.72875,217.605,206.877,0.010956138964213213,-0.0010067728354384853,0.0018692535416828804,0.015277477866551425,74.7609090909091,75.9455,2.7315,203.764
2010-08-01,77.03954545454546,2.7298,217.923,208.77,0.019311265606581918,3.8479157123227914e-4,0.0014613634796996067,0.009150364709465064,75.58,74.7609090909091,2.72875,206.877
2010-09-01,77.8404761904762,2.705,218.275,209.832,0.01039635853515386,-0.009084914645761555,0.001615249422961318,0.0050869377784164005,77.03954545454546,75.58,2.7298,208.77
2010-10-01,82.6647619047619,2.8005,219.035,216.71,0.06197656990793132,0.03530499075785576,0.0034818462948116302,0.032778603835449394,77.8404761904762,77.03954545454546,2.705,209.832
2010-11-01,85.2747619047619,2.859,219.59,219.496,0.03157330814074055,0.020889126941617597,0.0025338416234848005,0.012855890360389477,82.6647619047619,77.8404761904762,2.8005,216.71
2010-12-01,91.44681818181819,2.9930000000000003,220.472,227.13,0.07237846391115665,0.046869534802378654,0.004016576346828282,0.034779677078397686,85.2747619047619,82.6647619047619,2.859,219.496
2011-01-01,96.5235,3.0947999999999998,221.187,229.258,0.055515128017774806,0.03401269629134629,0.003243042200370194,0.00936908378461676,91.44681818181819,85.2747619047619,2.9930000000000003,227.13
2011-02-01,103.71631578947368,3.2110000000000003,221.898,232.068,0.07451880411996759,0.03754685278531755,0.00321447463006419,0.012256933236789891,96.5235,91.44681818181819,3.0947999999999998,229.258
2011-03-01,114.64347826086956,3.5612500000000002,223.046,240.079,0.10535625362528434,0.10907816879476795,0.0051735482068338,0.03452005446679429,103.71631578947368,96.5235,3.2110000000000003,232.068
2011-04-01,123.25888888888889,3.7995,224.093,247.977,0.07514959209816618,0.06690066690066687,0.0046940989750992035,0.03289750457141194,114.64347826086956,103.71631578947368,3.5612500000000002,240.079
2011-05-01,114.98904761904762,3.9062,224.806,250.744,-0.06709326478917133,0.02808264245295433,0.003181714734507679,0.011158292906196854,123.25888888888889,114.64347826086956,3.7995,247.977
2011-06-01,113.83318181818181,3.68,224.806,245.534,-0.010051964293983251,-0.05790794122164766,0,-0.02077816418339029,114.98904761904762,123.25888888888889,3.9062,250.744
2011-07-01,116.9735,3.6502499999999998,225.395,246.187,0.027587019282602654,-0.008084239130434878,0.0026200368317570444,0.002659509477302535,113.83318181818181,114.98904761904762,3.68,245.534
2011-08-01,110.21954545454545,3.6393999999999997,226.106,246.88,-0.057739184904739504,-0.002972399150743099,0.003154462166418792,0.002814933363662453,116.9735,113.83318181818181,3.6502499999999998,246.187
2011-09-01,112.83380952380952,3.61125,226.597,248.55,0.023718697609238282,-0.007734791449139911,0.0021715478580843772,0.006764419961114765,110.21954545454545,116.9735,3.6393999999999997,246.88
2011-10-01,109.55,3.448,226.75,246.655,-0.02910306350258074,-0.045205953617168615,6.752075270193281e-4,-0.007624220478776977,112.83380952380952,110.21954545454545,3.61125,248.55
2011-11-01,110.76809523809524,3.38375,227.169,247.64,0.011119080219947453,-0.01863399071925753,0.0018478500551268873,0.003993432121789375,109.55,112.83380952380952,3.448,246.655
2011-12-01,107.87049999999999,3.26575,227.223,243.353,-0.02615911406499216,-0.03487255264130029,2.3770849015480877e-4,-0.01731141980293971,110.76809523809524,109.55,3.38375,247.64
2012-01-01,110.68599999999999,3.38,227.842,244.876,0.026100741166491304,0.034984306820791566,0.0027241960540966836,0.0062583982938364535,107.87049999999999,110.76809523809524,3.26575,243.353
2012-02-01,119.327,3.57925,228.329,248.898,0.07806768697034872,0.05894970414201195,0.002137446124946152,0.016424639409333697,110.68599999999999,107.87049999999999,3.38,244.876
2012-03-01,125.44545454545454,3.85175,228.807,249.742,0.05127468674696045,0.07613326814276733,0.002093470387029228,0.0033909472956792364,119.327,110.68599999999999,3.57925,248.898
2012-04-01,119.42166666666667,3.9004,229.187,249.677,-0.04801918013382611,0.012630622444343542,0.0016607883500068255,-2.6026859719230355e-4,125.44545454545454,119.327,3.85175,249.742
2012-05-01,110.33952380952381,3.73225,228.713,241.806,-0.0760510476084143,-0.04311096297815609,-0.002068180132381081,-0.031524729951096786,119.42166666666667,125.44545454545454,3.9004,249.677
2012-06-01,95.15571428571428,3.53875,228.524,235.897,-0.13760988809432362,-0.051845401567419125,-8.263631713106845e-4,-0.024436945319801895,110.33952380952381,119.42166666666667,3.73225,241.806
2012-07-01,102.61857142857143,3.4392,228.59,233.568,0.0784278400816707,-0.0281314023313316,2.888099280600187e-4,-0.0098729530261088,95.15571428571428,110.33952380952381,3.53875,235.897
2012-08-01,113.35608695652174,3.7215,229.918,244.987,0.10463520762832146,0.082083042568039,0.00580952797585188,0.04888940265789832,102.61857142857143,95.15571428571428,3.4392,233.568
2012-09-01,112.86368421052632,3.8485,231.015,252.987,-0.004343858007239465,0.03412602445250568,0.004771266277542319,0.032654793927840986,113.35608695652174,102.61857142857143,3.7215,244.987
2012-10-01,111.7108695652174,3.7456,231.638,256.017,-0.010214221282716207,-0.026737690009094428,0.0026967945804385884,0.011976899998814128,112.86368421052632,113.35608695652174,3.8485,252.987
2012-11-01,109.05857142857143,3.4517499999999997,231.249,248.819,-0.023742525207876453,-0.0784520504058096,-0.0016793444944266378,-0.02811532046700027,111.7108695652174,112.86368421052632,3.7456,256.017
2012-12-01,109.494,3.3104,231.221,244.708,0.003992612095728321,-0.04095024263054958,-1.2108160467716456e-4,-0.01652205016497932,109.05857142857143,111.7108695652174,3.4517499999999997,248.819
2013-01-01,112.96,3.3185000000000002,231.679,245.025,0.03165470254077851,0.0024468342194297055,0.001980788942180789,0.001295421481929404,109.494,109.05857142857143,3.3104,244.708
2013-02-01,116.05052631578947,3.67,232.937,255.696,0.027359475175190218,0.10592135000753333,0.005429926752100966,0.04355065809611269,112.96,109.494,3.3185000000000002,245.025
2013-03-01,108.474,3.71125,232.282,246.595,-0.06528644510558013,0.011239782016348787,-0.0028119191025899326,-0.035593047994493476,116.05052631578947,112.96,3.67,255.696
2013-04-01,102.24818181818182,3.5702,231.797,240.473,-0.05739456627226969,-0.038006062647356065,-0.002087979266581219,-0.024826131916705463,108.474,116.05052631578947,3.71125,246.595
2013-05-01,102.55863636363637,3.61475,231.893,240.468,0.003036284263778777,0.012478292532631219,4.1415548950163306e-4,-2.079235506702304e-5,102.24818181818182,108.474,3.5702,240.473
2013-06-01,102.9195,3.626,232.445,242.711,0.0035186079803570802,0.003112248426585529,0.002380408205508555,0.00932764442670142,102.55863636363637,102.24818181818182,3.61475,240.468
2013-07-01,107.93318181818182,3.5909999999999997,232.9,242.986,0.04871459556431801,-0.009652509652509744,0.001957452300544338,0.0011330347615063907,102.9195,102.55863636363637,3.626,242.711
2013-08-01,111.28045454545455,3.57375,233.456,244.833,0.031012452990696993,-0.004803675856307366,0.0023872906826962748,0.007601260977998736,107.93318181818182,102.9195,3.5909999999999997,242.986
2013-09-01,111.5965,3.5324,233.544,242.745,0.0028400805499617654,-0.011570479188527494,3.7694469193350066e-4,-0.008528262121527685,111.28045454545455,107.93318181818182,3.57375,244.833
2013-10-01,109.07652173913043,3.34375,233.669,241.954,-0.02258115855667142,-0.053405616577963944,5.35231048539142e-4,-0.00325856351315168,111.5965,111.28045454545455,3.5324,242.745
2013-11-01,107.792,3.24275,234.1,242.718,-0.01177633571963832,-0.030205607476635477,0.0018444894273523804,0.0031576250030997954,109.07652173913043,111.5965,3.34375,241.954
2013-12-01,110.75666666666666,3.2763999999999998,234.719,245.733,0.02750358715550938,0.01037699483463106,0.0026441691584793148,0.012421822856154119,107.792,109.07652173913043,3.24275,242.718
2014-01-01,108.11772727272727,3.3125,235.288,250.34,-0.023826460955903905,0.011018190697106744,0.0024241752904536895,0.018747990705359152,110.75666666666666,107.792,3.2763999999999998,245.733
2014-02-01,108.90052631578948,3.35625,235.547,249.925,0.007240246930899641,0.013207547169811429,0.0011007786202441583,-0.0016577454661659274,108.11772727272727,110.75666666666666,3.3125,250.34
2014-03-01,107.48095238095239,3.5332,236.028,249.961,-0.013035510321783184,0.052722532588454385,0.00204205530106516,1.4404321296379585e-4,108.90052631578948,108.11772727272727,3.35625,249.925
2014-04-01,107.7552380952381,3.66075,236.468,249.864,0.00255194718887064,0.0361004188837315,0.0018641856050976013,-3.880605374438906e-4,107.48095238095239,108.90052631578948,3.5332,249.961
2014-05-01,109.53909090909092,3.67275,236.918,249.213,0.0165546737716471,0.003278016799836081,0.0019030059035471947,-0.002605417347036787,107.7552380952381,107.48095238095239,3.66075,249.864
2014-06-01,111.79523809523809,3.6916,237.231,249.714,0.02059673096994752,0.0051323939827105924,0.001321132206079767,0.002010328514162607,109.53909090909092,107.7552380952381,3.67275,249.213
2014-07-01,106.76818181818182,3.61125,237.498,248.744,-0.04496664046436161,-0.021765630079098486,0.001125485286492811,-0.003884443803711446,111.79523809523809,109.53909090909092,3.6916,249.714
2014-08-01,101.60809523809523,3.4865,237.46,245.699,-0.04832981598275998,-0.03454482519903079,-1.6000134737970129e-4,-0.012241501302543978,106.76818181818182,111.79523809523809,3.61125,248.744
2014-09-01,97.09142857142857,3.4062,237.477,241.61,-0.04445183876425296,-0.02303169367560587,7.159100480080838e-5,-0.01664231437653385,101.60809523809523,106.76818181818182,3.4865,245.699
2014-10-01,87.42521739130434,3.1705,237.43,237.061,-0.09955782217184028,-0.06919734601608829,-1.9791390324119806e-4,-0.018827863085137175,97.09142857142857,101.60809523809523,3.4062,241.61
2014-11-01,79.43789473684211,2.9122500000000002,236.983,229.016,-0.09136177058287398,-0.08145402933291279,-0.0018826601524659647,-0.03393641299074923,87.42521739130434,97.09142857142857,3.1705,237.061
2014-12-01,62.335,2.5425999999999997,236.252,218.536,-0.21529894257016413,-0.12692935015881202,-0.0030846094445592387,-0.045760994864987525,79.43789473684211,87.42521739130434,2.9122500000000002,229.016
2015-01-01,47.7595,2.11575,234.747,199.926,-0.23382529878880243,-0.1678793361126406,-0.0063703164417655556,-0.08515759417212732,62.335,79.43789473684211,2.5425999999999997,218.536
2015-02-01,58.0955,2.21625,235.342,203.021,0.21641767606444784,0.0475008862105637,0.0025346436802173855,0.01548072786931165,47.7595,62.335,2.11575,199.926
2015-03-01,55.88545454545454,2.4636,235.976,205.757,-0.038041594521872724,0.11160744500846032,0.0026939517808124425,0.013476438397998391,58.0955,47.7595,2.21625,203.021
2015-04-01,59.52428571428571,2.469,236.222,203.577,0.06511231228998082,0.002191914271797213,0.0010424788961589382,-0.010595022283567568,55.88545454545454,58.0955,2.4636,205.757
2015-05-01,64.075,2.7182500000000003,237.001,208.973,0.0764513883888931,0.10095180234912937,0.003297745341246827,0.02650594124090655,59.52428571428571,55.88545454545454,2.469,203.577
2015-06-01,61.47772727272727,2.8016,237.657,212.015,-0.040534884545809335,0.030663110457095577,0.0027679208104607333,0.014556904480482968,64.075,59.52428571428571,2.7182500000000003,208.973
2015-07-01,56.56130434782609,2.7935,238.034,211.623,-0.07997079825496745,-0.002891205025699728,0.0015863197801873063,-0.0018489257835530015,61.47772727272727,64.075,2.8016,212.015
2015-08-01,46.515,2.6362,238.033,208.579,-0.17761797510973087,-0.05630928942187208,-4.20108051790713e-6,-0.01438406978447515,56.56130434782609,61.47772727272727,2.7935,211.623
2015-09-01,47.62318181818182,2.36525,237.498,197.246,0.023824181837725833,-0.10278051741142558,-0.002247587519377592,-0.054334328959291245,46.515,56.56130434782609,2.6362,208.579
2015-10-01,48.43,2.29,237.733,195.616,0.01694171096963859,-0.03181481872952119,9.894820166906904e-4,-0.008263792421645988,47.62318181818182,46.515,2.36525,197.246
2015-11-01,44.26761904761905,2.158,238.017,195.114,-0.0859463339331189,-0.05764192139738,0.0011946174910508756,-0.0025662522493048456,48.43,47.62318181818182,2.29,195.616
2015-12-01,38.00545454545455,2.0374999999999996,237.761,190.143,-0.14146151604467905,-0.05583873957367946,-0.0010755534268560574,-0.025477413204588073,44.26761904761905,48.43,2.158,195.114
2016-01-01,30.6995,1.9485000000000001,237.652,185.235,-0.19223436827249685,-0.04368098159509182,-4.584435630738959e-4,-0.025812151906722813,38.00545454545455,44.26761904761905,2.0374999999999996,190.143
2016-02-01,32.1815,1.7636,237.336,176.401,0.048274401863222405,-0.09489350782653327,-0.0013296753235823022,-0.04769077118255194,30.6995,38.00545454545455,1.9485000000000001,185.235
2016-03-01,38.210454545454546,1.96875,238.08,182.234,0.1873422477340878,0.11632456339305963,0.0031347962382444194,0.033066705971054544,32.1815,30.6995,1.7636,176.401
2016-04-01,41.583333333333336,2.11275,238.992,186.713,0.08827109826360391,0.07314285714285718,0.0038306451612901693,0.024578289452023228,38.210454545454546,32.1815,1.96875,182.234
2016-05-01,46.742380952380955,2.2682,239.557,188.596,0.12406527340395068,0.07357709146846525,0.0023640958693178504,0.010084996759732956,41.583333333333336,38.210454545454546,2.11275,186.713
2016-06-01,48.24727272727273,2.3655,240.222,192.899,0.03219544542296404,0.04289745172383386,0.002775957287827202,0.022815966404377663,46.742380952380955,41.583333333333336,2.2682,188.596
2016-07-01,44.951904761904764,2.239,240.101,189.046,-0.06830164233314673,-0.05347706615937442,-5.037007434789409e-4,-0.01997418338094037,48.24727272727273,46.742380952380955,2.3655,192.899
2016-08-01,45.84304347826087,2.1776,240.545,188.772,0.019824270430278013,-0.02742295667708794,0.0018492217858316895,-0.0014493826899273365,44.951904761904764,48.24727272727273,2.239,189.046
2016-09-01,46.567727272727275,2.2185,241.176,192.243,0.015807933755751957,0.01878214548126378,0.0026232097944252075,0.018387260822579687,45.84304347826087,44.951904761904764,2.1776,188.772
2016-10-01,49.52238095238095,2.2494,241.741,195.979,0.06344852653747801,0.013928329952670682,0.0023426874979268764,0.019433737509298332,46.567727272727275,45.84304347826087,2.2185,192.243
2016-11-01,44.73409090909091,2.1814999999999998,242.026,196.372,-0.09668941499186601,-0.03018582733173303,0.0011789477167711837,0.002005316896197984,49.52238095238095,46.567727272727275,2.2494,195.979
2016-12-01,53.3085,2.25425,242.637,199.513,0.19167504953513181,0.03334861333944539,0.002524522158776188,0.015995152058338125,44.73409090909091,49.52238095238095,2.1814999999999998,196.372
2017-01-01,54.57666666666667,2.3489999999999998,243.618,205.369,0.023789201847109975,0.042031717866252594,0.004043076694815628,0.029351470831474602,53.3085,44.73409090909091,2.25425,199.513
2017-02-01,54.8695,2.3040000000000003,244.006,204.133,0.005365540829414206,-0.019157088122605193,0.0015926573570097524,-0.0060184351094858535,54.57666666666667,53.3085,2.3489999999999998,205.369
2017-03-01,51.58913043478261,2.325,243.892,202.528,-0.05978493635293547,0.00911458333333326,-4.6720162618951733e-4,-0.007862521003463518,54.8695,54.57666666666667,2.3040000000000003,204.133
2017-04-01,52.3078947368421,2.41725,244.193,202.954,0.013932475620385354,0.039677419354838595,0.001234152821740775,0.002103412861431675,51.58913043478261,54.8695,2.325,202.528
2017-05-01,50.326521739130435,2.3914,244.004,198.449,-0.03787904307141088,-0.010693970420932897,-7.739779600562935e-4,-0.02219714812223461,52.3078947368421,51.58913043478261,2.41725,202.954
2017-06-01,46.36818181818182,2.3465,244.163,197.808,-0.07865315909306891,-0.018775612611859227,6.516286618252209e-4,-0.003230049030229498,50.326521739130435,52.3078947368421,2.3914,198.449
2017-07-01,48.47857142857143,2.2998,244.243,195.994,0.04551374515103568,-0.019901981674834812,3.276499715354486e-4,-0.00917050877618697,46.36818181818182,50.326521739130435,2.3465,197.808
2017-08-01,51.70434782608696,2.38025,245.183,201.45,0.06654025278505582,0.03498130272197608,0.0038486261632881824,0.027837586864903896,48.47857142857143,46.36818181818182,2.2998,195.994
2017-09-01,56.152857142857144,2.64525,246.435,212.723,0.08603743212724035,0.1113328431887406,0.005106389920997767,0.05595929511044928,51.70434782608696,48.47857142857143,2.38025,201.45
2017-10-01,57.50772727272727,2.505,246.626,208.328,0.024128249189943052,-0.053019563368301714,7.750522450138408e-4,-0.02066067138955363,56.152857142857144,51.70434782608696,2.64525,212.723
2017-11-01,62.714090909090906,2.5635,247.284,213.047,0.09053328801663008,0.023353293413173715,0.002668007428251684,0.022651779885564993,57.50772727272727,56.152857142857144,2.505,208.328
2017-12-01,64.37368421052632,2.47675,247.805,213.574,0.026462845548397285,-0.033840452506338936,0.0021068892447551058,0.002473632578726903,62.714090909090906,57.50772727272727,2.5635,213.047
2018-01-01,69.07727272727273,2.5546,248.859,216.855,0.07306694613537879,0.0314323205814071,0.0042533443635115464,0.015362356841188474,64.37368421052632,62.714090909090906,2.47675,213.574
2018-02-01,65.3175,2.58725,249.529,220.141,-0.05442850562611046,0.012780865888984527,0.0026922876006090224,0.015152982407599547,69.07727272727273,64.37368421052632,2.5546,216.855
2018-03-01,66.01666666666667,2.59125,249.577,215.72,0.010704124724104203,0.0015460430959512994,1.92362410782021e-4,-0.020082583435162005,65.3175,69.07727272727273,2.58725,220.141
2018-04-01,72.106,2.757,250.227,219.165,0.09223933350164093,0.06396526772793054,0.002604406656061986,0.015969775635082506,66.01666666666667,65.3175,2.59125,215.72
2018-05-01,76.9752380952381,2.9007500000000004,250.792,221.045,0.0675288893467687,0.05214000725426193,0.002257949781598212,0.00857801200009134,72.106,66.01666666666667,2.757,219.165
2018-06-01,74.4047619047619,2.89075,251.018,220.947,-0.03339354647134529,-0.003447384297164624,9.011451720948305e-4,-4.4334863941719593e-4,76.9752380952381,72.106,2.9007500000000004,221.045
2018-07-01,74.2540909090909,2.8486000000000002,251.214,219.929,-0.0020250181818181057,-0.014580991092277062,7.808204989283585e-4,-0.00460743979325362,74.4047619047619,76.9752380952381,2.89075,220.947
2018-08-01,72.52826086956522,2.83575,251.663,222.781,-0.02324222165265777,-0.004510987853682646,0.0017873207703393845,0.01296782143328068,74.2540909090909,74.4047619047619,2.8486000000000002,219.929
2018-09-01,78.891,2.8355,252.182,223.955,0.08772772232712889,-8.81600987392428e-5,0.002062281702117419,0.005269749215597308,72.52826086956522,74.2540909090909,2.83575,222.781
2018-10-01,81.03217391304348,2.86,252.772,226.022,0.027140914845083408,0.008640451419502648,0.002339580144498754,0.009229532718626476,78.891,72.52826086956522,2.8355,223.955
2018-11-01,64.74818181818182,2.64725,252.594,218.5,-0.20095711750663625,-0.07438811188811179,-7.041919199911595e-4,-0.03327994619992736,81.03217391304348,78.891,2.86,226.022
2018-12-01,57.36235294117647,2.3656,252.767,213.63,-0.11407005833376704,-0.10639342714137312,6.848935445813442e-4,-0.02228832951945081,64.74818181818182,81.03217391304348,2.64725,218.5
2019-01-01,59.40954545454545,2.24775,252.561,204.34,0.03568878207399062,-0.04981822793371671,-8.149798035343991e-4,-0.04348640172260443,57.36235294117647,64.74818181818182,2.3656,213.63
2019-02-01,63.960499999999996,2.30925,253.319,208.144,0.07660308643392177,0.027360694027360744,0.003001255142321968,0.01861603210335705,59.40954545454545,57.36235294117647,2.24775,204.34
2019-03-01,66.13857142857142,2.516,254.277,214.934,0.034053383393992,0.08953123308433475,0.0037817929172307974,0.03262164655238675,63.960499999999996,59.40954545454545,2.30925,208.144
2019-04-01,71.23333333333333,2.7984,255.233,222.42,0.07703162911923744,0.11224165341812409,0.0037596794047436433,0.03482929643518462,66.13857142857142,63.960499999999996,2.516,214.934
2019-05-01,71.31772727272727,2.85925,255.296,220.523,0.001184753477687428,0.02174456832475702,2.468332856644384e-4,-0.008528909270749008,71.23333333333333,66.13857142857142,2.7984,222.42
2019-06-01,64.2205,2.71575,255.213,214.926,-0.09951561195418701,-0.0501879863600595,-3.251128102280676e-4,-0.0253805725479882,71.31772727272727,71.23333333333333,2.85925,220.523
2019-07-01,63.91913043478261,2.7399999999999998,255.802,216.696,-0.004692731529922556,0.008929393353585446,0.0023078761661827762,0.008235392646771533,64.2205,71.31772727272727,2.71575,214.926
2019-08-01,59.04181818181818,2.621,256.036,213.847,-0.07630442122395276,-0.04343065693430648,9.147700174354512e-4,-0.013147450806660022,63.91913043478261,64.2205,2.7399999999999998,216.696
2019-09-01,62.82666666666667,2.5922,256.43,213.015,0.06410453812911254,-0.010988172453262113,0.0015388460997671771,-0.003890632087427126,59.04181818181818,63.91913043478261,2.621,213.847
2019-10-01,59.71304347826087,2.627,257.155,215.268,-0.04955894293939611,0.013424890054779537,0.0028272822992627678,0.010576719949299429,62.82666666666667,59.04181818181818,2.5922,213.015
2019-11-01,63.21190476190476,2.59775,257.879,217.488,0.05859458972171949,-0.011134373810430032,0.0028154226050438602,0.010312726461898736,59.71304347826087,62.82666666666667,2.627,215.268
2019-12-01,67.31,2.555,258.63,221.18,0.06483106708350594,-0.016456548936579662,0.0029122185210892493,0.01697564923122208,63.21190476190476,59.71304347826087,2.59775,217.488
2020-01-01,63.82478260869565,2.5477499999999997,259.127,220.147,-0.05177859740461077,-0.00283757338551871,0.0019216641534238743,-0.004670404195677769,67.31,63.21190476190476,2.555,221.18
2020-02-01,55.702,2.442,259.25,214.294,-0.12726690599944135,-0.04150721224609932,4.746707213065804e-4,-0.02658678065111031,63.82478260869565,67.31,2.5477499999999997,220.147
2020-03-01,32.47,2.2342,258.076,201.681,-0.41707658611899034,-0.0850941850941852,-0.004528447444551498,-0.05885839080888877,55.702,63.82478260869565,2.442,214.294
2020-04-01,18.3785,1.8405,256.032,182.586,-0.4339852171234986,-0.17621520007161395,-0.007920147553434065,-0.09467922114626559,32.47,55.702,2.2342,201.681
2020-05-01,29.378947368421052,1.8695,255.802,180.04,0.5985497928786927,0.015756587883727136,-8.983252093487382e-4,-0.01394411400655049,18.3785,32.47,1.8405,182.586
2020-06-01,40.26681818181818,2.0822,257.042,188.734,0.37060112048467486,0.11377373629312637,0.004847499237691677,0.048289269051321915,29.378947368421052,18.3785,1.8695,180.04
2020-07-01,43.24217391304348,2.18325,258.352,191.966,0.07389100667926063,0.048530400537892815,0.005096443382793581,0.017124630432248544,40.26681818181818,29.378947368421052,2.0822,188.734
2020-08-01,44.736,2.1824,259.316,193.307,0.034545582513045625,-3.8932783694045625e-4,0.003731343283582156,0.00698561203546455,43.24217391304348,40.26681818181818,2.18325,191.966
2020-09-01,40.90954545454545,2.18275,259.997,196.705,-0.08553412342307198,1.6037390029333132e-4,0.002626139536318739,0.017578256348709687,44.736,43.24217391304348,2.1824,193.307
2020-10-01,40.18954545454545,2.158,260.319,196.113,-0.01759980444661724,-0.011338907341656213,0.001238475828567287,-0.0030095828779136413,40.90954545454545,44.736,2.18275,196.705
2020-11-01,42.69238095238095,2.1082,260.911,197.017,0.06227578514582155,-0.023076923076922995,0.002274132890799363,0.004609587329753806,40.18954545454545,40.90954545454545,2.158,196.113
2020-12-01,49.99363636363636,2.19525,262.045,205.67,0.17102010354960595,0.04129114884735796,0.004346309661148906,0.043920067811407115,42.69238095238095,40.18954545454545,2.1082,197.017
2021-01-01,54.774,2.33425,262.687,212.47,0.09561944247449672,0.06331852864138465,0.0024499608845809373,0.03306267321437262,49.99363636363636,42.69238095238095,2.19525,205.67
2021-02-01,62.2765,2.501,263.579,219.242,0.1369719209844087,0.07143622148441686,0.0033956762230333837,0.03187273497434928,54.774,49.99363636363636,2.33425,212.47
2021-03-01,65.41,2.8104,264.961,229.617,0.05031592976483901,0.12371051579368264,0.0052432098156529605,0.04732213718174427,62.2765,54.774,2.501,219.242
2021-04-01,64.8065,2.85825,266.614,227.255,-0.009226417978902224,0.017026046114432036,0.006238653990587206,-0.010286694800472063,65.41,62.2765,2.8104,229.617
2021-05-01,68.53421052631579,2.9852,268.383,229.854,0.05752062719504658,0.0444152890754832,0.006635060424433847,0.011436492046379643,64.8065,65.41,2.85825,227.255
2021-06-01,73.1640909090909,3.06375,270.654,233.603,0.06755575569076311,0.02631314484791658,0.00846178781815543,0.016310353528761645,68.53421052631579,64.8065,2.9852,229.854
2021-07-01,75.1659090909091,3.136,271.903,236.488,0.027360665005809137,0.0235822113423092,0.004614747980816958,0.012350012628262519,73.1640909090909,68.53421052631579,3.06375,233.603
2021-08-01,70.74714285714286,3.1578,272.676,240.692,-0.05878683950222663,0.0069515306122447384,0.002842925602144719,0.01777680051419095,75.1659090909091,73.1640909090909,3.136,236.488
2021-09-01,74.48863636363636,3.175,273.91,245.302,0.052885436151797194,0.0054468300715688756,0.004525517463950024,0.019153108537051544,70.74714285714286,75.1659090909091,3.1578,240.692
2021-10-01,83.53809523809524,3.2904999999999998,276.55,254.756,0.12148777741455086,0.036377952755905385,0.00963820232923207,0.0385402483469357,74.48863636363636,70.74714285714286,3.175,245.302
2021-11-01,81.05,3.3948,278.919,263.798,-0.02978395941401135,0.031697310439143145,0.00856626288193807,0.03549278525334043,83.53809523809524,74.48863636363636,3.2904999999999998,254.756
2021-12-01,74.1704761904762,3.3064999999999998,280.845,267.899,-0.08487999764989274,-0.026010368799340267,0.006905230550805275,0.015545985943790308,81.05,83.53809523809524,3.3948,263.798
2022-01-01,86.5052380952381,3.3146,282.543,270.189,0.16630285442802295,0.002449720247996501,0.006046039630400957,0.008547997566247023,74.1704761904762,81.05,3.3064999999999998,267.899
2022-02-01,97.129,3.5172499999999998,284.5,275.322,0.12281061978080055,0.06113859892596385,0.0069263793475682345,0.018997812642261414,86.5052380952381,74.1704761904762,3.3146,270.189
2022-03-01,117.24521739130435,4.22175,287.674,303.099,0.20710825182287818,0.20029852868007691,0.011156414762741651,0.10088914071523525,97.129,86.5052380952381,3.5172499999999998,275.322
2022-04-01,104.57526315789474,4.1085,288.561,295.455,-0.10806371906091328,-0.02682536862675422,0.0030833512934780316,-0.025219482743262134,117.24521739130435,97.129,4.22175,303.099
2022-05-01,113.33761904761904,4.4436,291.298,309.052,0.0837899482642881,0.08156261409273458,0.00948499623996324,0.0460205445837778,104.57526315789474,117.24521739130435,4.1085,295.455
2022-06-01,122.71095238095238,4.929,294.957,330.456,0.08270275493783852,0.10923575479341086,0.012561019986405686,0.06925695352238459,113.33761904761904,104.57526315789474,4.4436,309.052
2022-07-01,111.92571428571429,4.5592500000000005,294.913,314.345,-0.08789140566488018,-0.07501521606816797,-1.4917428642136077e-4,-0.04875384317428033,122.71095238095238,113.33761904761904,4.929,330.456
2022-08-01,100.44636363636364,3.975,295.097,298.331,-0.10256222819402483,-0.128146076657345,6.239128149656548e-4,-0.05094402646773455,111.92571428571429,122.71095238095238,4.5592500000000005,314.345
2022-09-01,89.76476190476191,3.70025,296.349,294.103,-0.10634134820720154,-0.06911949685534591,0.0042426727482827165,-0.01417217788295555,100.44636363636364,111.92571428571429,3.975,298.331
2022-10-01,93.33190476190477,3.8152,298.007,299.945,0.0397387881552842,0.03106546854942227,0.005594754832984217,0.019863789216702843,89.76476190476191,100.44636363636364,3.70025,294.103
2022-11-01,95.999,3.685,298.786,298.107,0.028576457802925503,-0.03412665128957848,0.002614032556282231,-0.006127790094850649,93.33190476190477,89.76476190476191,3.8152,299.945
